{
  "rules": {
    "users": {
      ".read": "auth != null",
      ".write": "auth != null",
      ".indexOn": ["email"],
      "ucoins": {
        ".validate": false
      }
    },
    "students": {
      ".read": "auth != null",
      ".write": "auth != null",
      ".indexOn": ["centerId"]
    },
    "instrDesigners": {
      ".read": "auth != null",
      ".write": "auth != null"
    },
    "instructorTeamupIds": {
      ".indexOn": ["userId"],
      ".read": "auth != null"
    },
    "admins": {
      ".read": "true",
      ".write": "false"
    },

    "ucoinAdjustments": {
      ".read": "auth != null",
      ".write": "auth != null && root.child('admins').child(auth.uid).exists()"
    },
    "prizes": {
      ".read": true,
      ".write": false
    },
    "prizePurchases": {
      ".read": "auth != null",
      ".write": "auth != null",
      "$uid": {
        "$purchaseId": {
          "prizeId": { ".validate": "auth != null" },
          "prizeName": { ".validate": "auth != null" },
          "cost": { ".validate": "auth != null" },
          "purchasedAt": { ".validate": "auth != null" },
          "validated": { ".validate": false },
          "ordered": { ".validate": "auth != null && root.child('managerCenters').child(auth.uid).exists()" },
          "canceled": { ".validate": "auth != null && root.child('managerCenters').child(auth.uid).exists()" }
        }
      }
    },
    "ucoinTransactionHistory": {
      ".read": "auth != null",
      ".write": false
    },

    "exitSurveyQuestions": {
      ".read": true,
      ".write": false
    },
    "exitSurveySubmissions": {
      ".read": "auth != null && root.child('managerCenters').child(auth.uid).exists()",
      ".write": false
    },

    "studentInvites": {
      ".indexOn": ["centerId", "email"],
      ".read": "auth != null",
      ".write": "auth != null"
    },
    "instructorInvites": {
      ".indexOn": ["centerId", "email"],
      ".read": "auth != null",
      ".write": "auth != null"
    },

    "facebookLikes": {
      ".read": "auth != null",
      ".write": "auth != null && root.child('managerCenters').child(auth.uid).exists()"
    },
    "facebookEventShares": {
      ".read": "auth != null",
      ".write": "auth != null && root.child('managerCenters').child(auth.uid).exists()"
    },
    "referrals": {
      ".read": "auth != null",
      ".write": "auth != null && root.child('managerCenters').child(auth.uid).exists()"
    },
    "workshopReferrals": {
      ".read": "auth != null",
      ".write": "auth != null && root.child('managerCenters').child(auth.uid).exists()"
    },
    "twitterFollows": {
      ".read": "auth != null",
      ".write": "auth != null && root.child('managerCenters').child(auth.uid).exists()"
    },
    "yelpReviews": {
      ".read": "auth != null",
      ".write": "auth != null && root.child('managerCenters').child(auth.uid).exists()"
    },
    "studentTestimonials": {
      ".read": "auth != null",
      ".write": "auth != null && root.child('managerCenters').child(auth.uid).exists()"
    },
    "parentTestimonials": {
      ".read": "auth != null",
      ".write": "auth != null && root.child('managerCenters').child(auth.uid).exists()"
    },

    "centers": {
      ".read": "auth != null",
      ".write": "false"
    },
    "managerCenters": {
      ".read": "auth != null",
      ".write": "auth != null"
    },
    "instructorCenters": {
      ".read": "auth != null",
      ".write": "auth != null"
    },
    "centerInstructors": {
      ".read": "auth != null",
      ".write": "auth != null"
    },
    "pendingCenterPurchases": {
      ".read": true,
      ".write": "auth != null && root.child('managerCenters').child(auth.uid).exists()"
    },

    "projectStepMessages": {
      ".read": "auth != null",
      ".write": "auth != null"
    },

    "milestones": {
      ".indexOn": ["number"],
      ".read": "auth != null",
      ".write": "auth != null"
    },
    "chapters": {
      ".indexOn": ["milestoneId", "number"],
      ".read": "auth != null",
      ".write": "auth != null"
    },
    "lessons": {
      ".indexOn": ["chapterId", "number"],
      ".read": "auth != null",
      ".write": "auth != null"
    },
    "chapterNumbers": {
      ".read": "auth != null",
      ".write": "auth != null",
      "$milestoneId": {
        ".indexOn": [".value"]
      }
    },
    "lessonNumbers": {
      ".read": "auth != null",
      ".write": "auth != null",
      "$chapterId": {
        ".indexOn": [".value"]
      }
    },
    "activities": {
      ".read": "auth != null",
      ".write": "auth != null",
      "$lessonId": {
        ".indexOn": ["number"]
      }
    },
    "activityLessons": {
      ".read": "auth != null",
      ".write": "auth != null"
    },
    "quizzes": {
      ".read": "auth != null",
      ".write": "auth != null"
    },
    "questions": {
      ".read": "auth != null",
      ".write": "auth != null"
    },
    "exerciseSets": {
      ".read": "auth != null",
      ".write": "auth != null",
      "$id": {
        ".indexOn": ["number"]
      }
    },
    "multRespOptions": {
      ".read": "auth != null",
      ".write": "auth != null"
    },
    "exerciseSetActivities": {
      ".read": "auth != null",
      ".write": "auth != null"
    },
    "exams": {
      ".read": "auth != null",
      ".write": "auth != null"
    },
    "ltis": {
      ".read": "auth != null",
      ".write": "auth != null"
    },
    "videos": {
      ".read": "auth != null",
      ".write": "auth != null"
    },
    "instructions": {
      ".read": "auth != null",
      ".write": "auth != null"
    },
    "projectSteps": {
      ".read": "auth != null",
      ".write": "auth != null"
    },
    "projectStepActivities": {
      ".read": "auth != null",
      ".write": "auth != null"
    },
    "projectStepSubmissionFields": {
      ".read": "auth != null",
      ".write": "auth != null"
    },

    "lessonResults": {
      ".read": "auth != null",
      ".write": "auth != null"
    },
    "instructorLessonResults": {
      ".read": "auth != null"
    },
    "activityResults": {
      ".read": "auth != null",
      ".write": "auth != null"
    },
    "activityQuestionResponses": {
      ".read": "auth != null",
      ".write": "auth != null"
    },
    "questionResponses": {
      ".read": "auth != null",
      ".write": "auth != null"
    },
    "exerciseSetResults": {
      ".read": "auth != null",
      ".write": "auth != null"
    },
    "projectStepSubmissions": {
      ".read": "auth != null",
      ".write": "auth != null"
    },
    "chapterCompletions": {
      ".read": "auth != null",
      ".write": false
    },
    "milestoneCompletions": {
      ".read": "auth != null",
      ".write": false
    },
    "milestoneCompletionsByCenter": {
      ".read": "auth != null",
      ".write": false
    }
  }
}
