{
    "version": "1.0.0",
    "summary": "UCode's LMS",
    "repository": "https://github.com/ucode/learn.git",
    "license": "BSD3",
    "source-directories": [
        "src"
    ],
    "exposed-modules": [],
    "dependencies": {
        "debois/elm-mdl": "8.0.1 <= v < 9.0.0",
        "elm-community/list-extra": "6.1.0 <= v < 7.0.0",
        "elm-community/dict-extra": "2.2.0 <= v < 3.0.0",
        "elm-lang/core": "5.1.1 <= v < 6.0.0",
        "elm-lang/html": "2.0.0 <= v < 3.0.0",
        "elm-lang/navigation": "2.1.0 <= v < 3.0.0",
        "pairshaped/elm-firebase": "0.0.13 <= v < 1.0.0",
        "evancz/elm-markdown": "3.0.2 <= v < 4.0.0",
        "krisajenkins/remotedata": "4.3.1 <= v < 5.0.0",
        "mgold/elm-random-pcg": "5.0.2 <= v < 6.0.0",
        "elm-community/json-extra": "2.6.0 <= v < 3.0.0",
        "ryannhg/elm-date-format": "2.0.3 <= v < 3.0.0",
        "mgold/elm-nonempty-list": "3.1.0 <= v < 4.0.0",
        "elm-lang/http": "1.0.0 <= v < 2.0.0"
    },
  	"dependency-sources": {
  	    "pairshaped/elm-firebase": {
      			"url": "https://github.com/pairshaped/elm-firebase",
      			"ref": "0.0.13"
  	    }
  	},
    "native-modules": true,
    "elm-version": "0.18.0 <= v < 0.19.0"
}
